round,violation_rate
1,50.0
2,83.33333333333334
3,16.666666666666664
4,50.0
